-- phpMyAdmin SQL Dump
-- version 5.2.0
-- https://www.phpmyadmin.net/
--
-- Host: 127.0.0.1
-- Waktu pembuatan: 02 Okt 2023 pada 04.16
-- Versi server: 10.4.24-MariaDB
-- Versi PHP: 8.1.6

SET SQL_MODE = "NO_AUTO_VALUE_ON_ZERO";
START TRANSACTION;
SET time_zone = "+00:00";


/*!40101 SET @OLD_CHARACTER_SET_CLIENT=@@CHARACTER_SET_CLIENT */;
/*!40101 SET @OLD_CHARACTER_SET_RESULTS=@@CHARACTER_SET_RESULTS */;
/*!40101 SET @OLD_COLLATION_CONNECTION=@@COLLATION_CONNECTION */;
/*!40101 SET NAMES utf8mb4 */;

--
-- Database: `asriloka`
--

-- --------------------------------------------------------

--
-- Struktur dari tabel `booking`
--

CREATE TABLE `booking` (
  `id` int(11) NOT NULL,
  `userId` int(11) DEFAULT NULL,
  `checkIn` datetime(3) NOT NULL,
  `checkOut` datetime(3) NOT NULL,
  `roomId` int(11) DEFAULT NULL,
  `status` enum('BOOKED','PAYED','CHECKEDIN','CHECKEDOUT','CANCELLED') COLLATE utf8mb4_unicode_ci DEFAULT 'BOOKED',
  `totalPrice` int(50) NOT NULL,
  `bundlingId` int(11) DEFAULT NULL
) ENGINE=InnoDB DEFAULT CHARSET=utf8mb4 COLLATE=utf8mb4_unicode_ci;

--
-- Dumping data untuk tabel `booking`
--

INSERT INTO `booking` (`id`, `userId`, `checkIn`, `checkOut`, `roomId`, `status`, `totalPrice`, `bundlingId`) VALUES
(40, 7, '2023-10-01 00:00:00.000', '2023-10-03 00:00:00.000', 67, 'BOOKED', 3300000, NULL);

-- --------------------------------------------------------

--
-- Struktur dari tabel `bundling`
--

CREATE TABLE `bundling` (
  `id` int(11) NOT NULL,
  `name` varchar(191) COLLATE utf8mb4_unicode_ci NOT NULL,
  `description` varchar(191) COLLATE utf8mb4_unicode_ci NOT NULL,
  `price` double NOT NULL,
  `type` enum('LDK','PERUSAHAAN','KELUARGA','CAMP') COLLATE utf8mb4_unicode_ci NOT NULL,
  `picture` varchar(191) COLLATE utf8mb4_unicode_ci DEFAULT NULL,
  `isReady` tinyint(1) NOT NULL DEFAULT 0
) ENGINE=InnoDB DEFAULT CHARSET=utf8mb4 COLLATE=utf8mb4_unicode_ci;

--
-- Dumping data untuk tabel `bundling`
--

INSERT INTO `bundling` (`id`, `name`, `description`, `price`, `type`, `picture`, `isReady`) VALUES
(24, 'Paket A - Gathering (No Trainer)', '', 75000, 'PERUSAHAAN', NULL, 0),
(25, 'Paket A - Tanpa Menginap (No Trainer)', '', 65000, 'LDK', NULL, 1),
(26, 'Skuy camp', '', 12000, 'CAMP', NULL, 1),
(27, 'Paket B - Tanpa Menginap (With Trainer)', '', 95000, 'LDK', NULL, 1);

-- --------------------------------------------------------

--
-- Struktur dari tabel `capacity`
--

CREATE TABLE `capacity` (
  `id` int(11) NOT NULL,
  `name` varchar(191) COLLATE utf8mb4_unicode_ci NOT NULL,
  `description` varchar(191) COLLATE utf8mb4_unicode_ci NOT NULL
) ENGINE=InnoDB DEFAULT CHARSET=utf8mb4 COLLATE=utf8mb4_unicode_ci;

--
-- Dumping data untuk tabel `capacity`
--

INSERT INTO `capacity` (`id`, `name`, `description`) VALUES
(1, 'Standard', '2'),
(2, 'Standard', '3'),
(3, 'standar', '4'),
(4, 'standar', '15');

-- --------------------------------------------------------

--
-- Struktur dari tabel `capacityonroom`
--

CREATE TABLE `capacityonroom` (
  `roomId` int(11) NOT NULL,
  `capacityId` int(11) NOT NULL
) ENGINE=InnoDB DEFAULT CHARSET=utf8mb4 COLLATE=utf8mb4_unicode_ci;

--
-- Dumping data untuk tabel `capacityonroom`
--

INSERT INTO `capacityonroom` (`roomId`, `capacityId`) VALUES
(67, 4),
(71, 2),
(73, 2),
(74, 1);

-- --------------------------------------------------------

--
-- Struktur dari tabel `facility`
--

CREATE TABLE `facility` (
  `id` int(11) NOT NULL,
  `picture` varchar(191) COLLATE utf8mb4_unicode_ci NOT NULL,
  `name` varchar(191) COLLATE utf8mb4_unicode_ci NOT NULL,
  `description` varchar(191) COLLATE utf8mb4_unicode_ci NOT NULL,
  `isGeneral` tinyint(1) NOT NULL DEFAULT 1
) ENGINE=InnoDB DEFAULT CHARSET=utf8mb4 COLLATE=utf8mb4_unicode_ci;

--
-- Dumping data untuk tabel `facility`
--

INSERT INTO `facility` (`id`, `picture`, `name`, `description`, `isGeneral`) VALUES
(6, 'internet.png', 'Wifi', 'Tanya di loket', 1),
(14, '1bb30149-c9a8-4240-947c-530f6e9863f9.jpg', 'TV', 'TV dgn ch inter\r\n', 1);

-- --------------------------------------------------------

--
-- Struktur dari tabel `facilityonbundling`
--

CREATE TABLE `facilityonbundling` (
  `bundlingId` int(11) NOT NULL,
  `facilityId` int(11) NOT NULL
) ENGINE=InnoDB DEFAULT CHARSET=utf8mb4 COLLATE=utf8mb4_unicode_ci;

--
-- Dumping data untuk tabel `facilityonbundling`
--

INSERT INTO `facilityonbundling` (`bundlingId`, `facilityId`) VALUES
(24, 6),
(25, 6),
(26, 6),
(27, 6);

-- --------------------------------------------------------

--
-- Struktur dari tabel `facilityonroom`
--

CREATE TABLE `facilityonroom` (
  `roomId` int(11) NOT NULL,
  `facilityId` int(11) NOT NULL
) ENGINE=InnoDB DEFAULT CHARSET=utf8mb4 COLLATE=utf8mb4_unicode_ci;

--
-- Dumping data untuk tabel `facilityonroom`
--

INSERT INTO `facilityonroom` (`roomId`, `facilityId`) VALUES
(67, 14),
(71, 14),
(73, 6),
(73, 14),
(74, 6);

-- --------------------------------------------------------

--
-- Struktur dari tabel `generalinformation`
--

CREATE TABLE `generalinformation` (
  `id` int(11) NOT NULL,
  `name` varchar(191) COLLATE utf8mb4_unicode_ci NOT NULL,
  `description` varchar(191) COLLATE utf8mb4_unicode_ci NOT NULL,
  `picture` varchar(191) COLLATE utf8mb4_unicode_ci DEFAULT NULL
) ENGINE=InnoDB DEFAULT CHARSET=utf8mb4 COLLATE=utf8mb4_unicode_ci;

-- --------------------------------------------------------

--
-- Struktur dari tabel `picture`
--

CREATE TABLE `picture` (
  `id` int(11) NOT NULL,
  `name` varchar(191) COLLATE utf8mb4_unicode_ci DEFAULT NULL
) ENGINE=InnoDB DEFAULT CHARSET=utf8mb4 COLLATE=utf8mb4_unicode_ci;

--
-- Dumping data untuk tabel `picture`
--

INSERT INTO `picture` (`id`, `name`) VALUES
(29, 'Malaka-Hotel-Bandung-2.webp'),
(30, '60961de48b31a.jpg'),
(31, '1bb30149-c9a8-4240-947c-530f6e9863f9.jpg'),
(32, 'image (1).png'),
(33, 'success-icon-23201.png'),
(34, 'penginapan1.jpg'),
(35, 'slide2.jpg'),
(36, 'slide3.jpg'),
(37, 'slide4.jpg'),
(38, 'slide2.jpg'),
(39, 'slide3.jpg'),
(40, 'slide4.jpg'),
(41, 'slide2.jpg'),
(42, 'slide3.jpg'),
(43, 'slide4.jpg'),
(44, 'slide2.jpg'),
(45, 'slide3.jpg'),
(46, 'slide4.jpg'),
(47, 'slide2.jpg'),
(48, 'slide3.jpg'),
(49, 'slide4.jpg'),
(50, 'slide2.jpg'),
(51, 'slide3.jpg'),
(52, 'slide4.jpg'),
(53, 'denahKuntilt1.PNG'),
(54, 'slide3.jpg'),
(55, 'denahKuntilt2.PNG'),
(56, 'slide4.jpg'),
(57, 'denahKuntilt2.PNG'),
(58, 'denahKuntilt3.PNG'),
(59, 'denahKuntilt2.PNG'),
(60, 'denahKuntilt3.PNG'),
(61, 'slide3.jpg'),
(62, 'slide4.jpg'),
(63, 'slide3.jpg'),
(64, 'slide4.jpg'),
(65, 'denahKuntilt2.PNG'),
(66, 'denahKuntilt3.PNG'),
(67, 'denahKuntilt3.PNG'),
(68, 'denahKuntilt1.PNG'),
(69, 'denahKuntilt2.PNG'),
(70, 'denahKuntilt3.PNG'),
(71, 'denahKuntilt3.PNG'),
(72, 'slide2.jpg'),
(73, 'slide3.jpg'),
(74, 'slide4.jpg'),
(75, 'denahKuntilt3.PNG'),
(76, 'denahKuntilt1.PNG'),
(77, 'slide4.jpg'),
(78, 'logo.png'),
(79, 'denahKuntilt3.PNG'),
(80, 'denahKuntilt3.PNG'),
(81, 'slide2.jpg'),
(82, 'denahKuntilt3.PNG'),
(83, 'slide4.jpg'),
(84, 'success.png'),
(85, 'slide3.jpg'),
(86, 'denahKuntilt3.PNG'),
(87, 'slide2.jpg'),
(88, 'slide3.jpg'),
(89, 'slide4.jpg'),
(90, 'denahKuntilt3.PNG'),
(91, 'slide2.jpg'),
(92, 'slide3.jpg'),
(93, 'slide4.jpg'),
(94, 'slide3.jpg'),
(95, 'penginapan1.jpg'),
(96, 'slide2.jpg'),
(97, 'slide3.jpg'),
(98, 'slide4.jpg'),
(99, 'denahKuntilt3.PNG'),
(100, 'penginapan1.jpg'),
(101, 'slide2.jpg'),
(102, 'slide3.jpg'),
(103, 'slide4.jpg'),
(104, 'penginapan1.jpg'),
(105, 'slide2.jpg'),
(106, 'denahKuntilt1.PNG'),
(107, 'slide3.jpg'),
(108, 'slide2.jpg'),
(109, 'slide3.jpg'),
(110, 'slide4.jpg'),
(111, 'slide3.jpg'),
(112, 'slide4.jpg'),
(113, 'penginapan1.jpg'),
(114, 'slide2.jpg'),
(115, 'slide3.jpg'),
(116, 'slide4.jpg'),
(117, 'penginapan1.jpg'),
(118, 'penginapan1.jpg'),
(119, 'WhatsApp Image 2023-10-01 at 23.16.27.jpeg'),
(120, 'WhatsApp Image 2023-10-01 at 23.17.42.jpeg'),
(121, 'perusahaan.jpeg'),
(122, 'perusahaan.jpeg'),
(123, 'WhatsApp Image 2023-10-01 at 23.16.27.jpeg'),
(124, 'slide2.jpg'),
(125, 'camp.jpg'),
(126, 'camp.jpg'),
(127, 'kompor.jpg'),
(128, 'musholla.png'),
(129, 'slide2.jpg'),
(130, 'kompor.jpg'),
(131, 'kompor.jpg'),
(132, 'kompor.jpg'),
(133, 'kompor.jpg'),
(134, 'kompor.jpg'),
(135, 'perusahaan.jpeg'),
(136, 'slide3.jpg'),
(137, 'slide4.jpg'),
(138, 'penginapan1.jpg'),
(139, 'slide2.jpg'),
(140, 'perusahaan.jpeg'),
(141, 'perusahaan.jpeg'),
(142, 'perusahaan.jpeg');

-- --------------------------------------------------------

--
-- Struktur dari tabel `pictureonbundling`
--

CREATE TABLE `pictureonbundling` (
  `bundlingId` int(11) NOT NULL,
  `pictureId` int(11) NOT NULL
) ENGINE=InnoDB DEFAULT CHARSET=utf8mb4 COLLATE=utf8mb4_unicode_ci;

--
-- Dumping data untuk tabel `pictureonbundling`
--

INSERT INTO `pictureonbundling` (`bundlingId`, `pictureId`) VALUES
(24, 121),
(25, 121),
(26, 127),
(27, 121);

-- --------------------------------------------------------

--
-- Struktur dari tabel `pictureonroom`
--

CREATE TABLE `pictureonroom` (
  `roomId` int(11) NOT NULL,
  `pictureId` int(11) NOT NULL
) ENGINE=InnoDB DEFAULT CHARSET=utf8mb4 COLLATE=utf8mb4_unicode_ci;

--
-- Dumping data untuk tabel `pictureonroom`
--

INSERT INTO `pictureonroom` (`roomId`, `pictureId`) VALUES
(67, 34),
(71, 34),
(73, 36),
(74, 34),
(74, 35);

-- --------------------------------------------------------

--
-- Struktur dari tabel `review`
--

CREATE TABLE `review` (
  `id` int(11) NOT NULL,
  `name` varchar(191) COLLATE utf8mb4_unicode_ci NOT NULL,
  `description` varchar(191) COLLATE utf8mb4_unicode_ci NOT NULL,
  `rating` double NOT NULL,
  `roomId` int(11) DEFAULT NULL,
  `userId` int(11) DEFAULT NULL
) ENGINE=InnoDB DEFAULT CHARSET=utf8mb4 COLLATE=utf8mb4_unicode_ci;

-- --------------------------------------------------------

--
-- Struktur dari tabel `room`
--

CREATE TABLE `room` (
  `id` int(11) NOT NULL,
  `name` varchar(191) COLLATE utf8mb4_unicode_ci NOT NULL,
  `description` varchar(191) COLLATE utf8mb4_unicode_ci DEFAULT NULL,
  `price` double NOT NULL,
  `rating` double NOT NULL DEFAULT 0,
  `isReady` tinyint(1) NOT NULL DEFAULT 0,
  `picture` varchar(191) COLLATE utf8mb4_unicode_ci DEFAULT NULL
) ENGINE=InnoDB DEFAULT CHARSET=utf8mb4 COLLATE=utf8mb4_unicode_ci;

--
-- Dumping data untuk tabel `room`
--

INSERT INTO `room` (`id`, `name`, `description`, `price`, `rating`, `isReady`, `picture`) VALUES
(67, 'Janaka Besar', NULL, 1500000, 0, 0, NULL),
(71, 'Janaka Kecil 1', NULL, 300000, 0, 0, NULL),
(73, 'Graha Dewi Kunti', NULL, 350000, 0, 1, NULL),
(74, 'Griya Arimbi 1', NULL, 350000, 0, 0, NULL);

-- --------------------------------------------------------

--
-- Struktur dari tabel `roomonbundling`
--

CREATE TABLE `roomonbundling` (
  `bundlingId` int(11) NOT NULL,
  `roomId` int(11) NOT NULL
) ENGINE=InnoDB DEFAULT CHARSET=utf8mb4 COLLATE=utf8mb4_unicode_ci;

-- --------------------------------------------------------

--
-- Struktur dari tabel `rule`
--

CREATE TABLE `rule` (
  `id` int(11) NOT NULL,
  `isGeneral` tinyint(1) NOT NULL DEFAULT 1,
  `description` varchar(191) COLLATE utf8mb4_unicode_ci NOT NULL
) ENGINE=InnoDB DEFAULT CHARSET=utf8mb4 COLLATE=utf8mb4_unicode_ci;

--
-- Dumping data untuk tabel `rule`
--

INSERT INTO `rule` (`id`, `isGeneral`, `description`) VALUES
(3, 1, 'Pembayaran penuh pada saat Check-in'),
(4, 1, 'Pembatalan reservasi maksimal 1x24 jam sebelum tanggal penyewaan dengan melakukan pemberitahuan kepada pihak Asriloka. Jika lebih dari 1x24 jam akan dikenakan biaya 1 malam penyewaan\r\n'),
(6, 1, 'Sebelum menyewa, silahkan melakukan konfirmasi ketersediaan penginapan/paket kepada pihak Asriloka\r\n'),
(7, 1, 'Check-in 14.00 WIB & Check-out 12.00 WIB'),
(8, 1, 'Dilarang merokok di dalam kamar');

-- --------------------------------------------------------

--
-- Struktur dari tabel `ruleonbundling`
--

CREATE TABLE `ruleonbundling` (
  `bundlingId` int(11) NOT NULL,
  `ruleId` int(11) NOT NULL
) ENGINE=InnoDB DEFAULT CHARSET=utf8mb4 COLLATE=utf8mb4_unicode_ci;

--
-- Dumping data untuk tabel `ruleonbundling`
--

INSERT INTO `ruleonbundling` (`bundlingId`, `ruleId`) VALUES
(24, 6),
(25, 3),
(26, 6),
(27, 6);

-- --------------------------------------------------------

--
-- Struktur dari tabel `ruleonroom`
--

CREATE TABLE `ruleonroom` (
  `roomId` int(11) NOT NULL,
  `ruleId` int(11) NOT NULL,
  `assignedAt` datetime(3) NOT NULL DEFAULT current_timestamp(3),
  `assignedBy` varchar(191) COLLATE utf8mb4_unicode_ci NOT NULL
) ENGINE=InnoDB DEFAULT CHARSET=utf8mb4 COLLATE=utf8mb4_unicode_ci;

--
-- Dumping data untuk tabel `ruleonroom`
--

INSERT INTO `ruleonroom` (`roomId`, `ruleId`, `assignedAt`, `assignedBy`) VALUES
(67, 3, '2023-10-01 23:27:12.983', ''),
(67, 4, '2023-10-01 23:27:12.986', ''),
(67, 6, '2023-10-01 23:27:12.989', ''),
(67, 7, '2023-10-01 23:27:12.991', ''),
(71, 3, '2023-10-01 23:28:00.940', ''),
(71, 4, '2023-10-01 23:28:00.944', ''),
(71, 6, '2023-10-01 23:28:00.946', ''),
(71, 7, '2023-10-01 23:28:00.947', ''),
(73, 7, '2023-10-02 00:48:13.965', ''),
(74, 7, '2023-10-02 00:50:11.032', ''),
(74, 8, '2023-10-02 00:50:11.033', '');

-- --------------------------------------------------------

--
-- Struktur dari tabel `user`
--

CREATE TABLE `user` (
  `id` int(11) NOT NULL,
  `name` varchar(191) COLLATE utf8mb4_unicode_ci NOT NULL,
  `email` varchar(191) COLLATE utf8mb4_unicode_ci NOT NULL,
  `password` varchar(191) COLLATE utf8mb4_unicode_ci NOT NULL,
  `picture` varchar(191) COLLATE utf8mb4_unicode_ci DEFAULT NULL,
  `phone` varchar(191) COLLATE utf8mb4_unicode_ci DEFAULT NULL,
  `dob` datetime(3) DEFAULT current_timestamp(3),
  `address` varchar(191) COLLATE utf8mb4_unicode_ci DEFAULT NULL,
  `role` enum('ADMIN','USER') COLLATE utf8mb4_unicode_ci NOT NULL DEFAULT 'USER',
  `token` varchar(191) COLLATE utf8mb4_unicode_ci DEFAULT 'undefined'
) ENGINE=InnoDB DEFAULT CHARSET=utf8mb4 COLLATE=utf8mb4_unicode_ci;

--
-- Dumping data untuk tabel `user`
--

INSERT INTO `user` (`id`, `name`, `email`, `password`, `picture`, `phone`, `dob`, `address`, `role`, `token`) VALUES
(1, 'Admin', 'admin1@asriloka.com', '$2y$10$sOyO5sIOdqKUI/aQ9567IuoTkZCCClTXUUyaaucfEpAn5JPlz564y', NULL, NULL, '2023-09-25 17:39:33.255', NULL, 'ADMIN', 'KuavCwLVCYFTWcaLHgDQGzTAO+pZxPD+4oM1CQberEk='),
(2, 'User', 'usertest@asriloka.com', '$2y$10$8QLNcqg5ujhpZAefgHD27OAFwcCReL5T34q8hhD7TCFCvvq2y77Dq', NULL, '1234567890', '2000-01-01 00:00:00.000', 'User Address', 'ADMIN', 'undefined'),
(7, 'Solihah', 'user@user.com', '$2y$10$PCV6t8bLPAjdvzVXjHA4CuaJZLZ9fmzziLAfx5qwN6MuiWOKW3Oce', NULL, '085732030855', '2023-10-01 00:00:00.000', 'Dsn.Sidorembug Ds.Balongsari RT.13 RW.04\r\nKec. Gedeg', 'USER', 'uGdRPQkgppFkan/Uxkvqf8V/GXwoWnEHO5A8oYm3kVo=');

--
-- Indexes for dumped tables
--

--
-- Indeks untuk tabel `booking`
--
ALTER TABLE `booking`
  ADD PRIMARY KEY (`id`),
  ADD UNIQUE KEY `Booking_bundlingId_fkey` (`bundlingId`),
  ADD KEY `Booking_userId_fkey` (`userId`),
  ADD KEY `Booking_roomId_fkey` (`roomId`);

--
-- Indeks untuk tabel `bundling`
--
ALTER TABLE `bundling`
  ADD PRIMARY KEY (`id`);

--
-- Indeks untuk tabel `capacity`
--
ALTER TABLE `capacity`
  ADD PRIMARY KEY (`id`);

--
-- Indeks untuk tabel `capacityonroom`
--
ALTER TABLE `capacityonroom`
  ADD PRIMARY KEY (`roomId`,`capacityId`),
  ADD KEY `CapacityOnRoom_capacityId_fkey` (`capacityId`);

--
-- Indeks untuk tabel `facility`
--
ALTER TABLE `facility`
  ADD PRIMARY KEY (`id`);

--
-- Indeks untuk tabel `facilityonbundling`
--
ALTER TABLE `facilityonbundling`
  ADD PRIMARY KEY (`bundlingId`,`facilityId`),
  ADD KEY `FacilityOnBundling_facilityId_fkey` (`facilityId`);

--
-- Indeks untuk tabel `facilityonroom`
--
ALTER TABLE `facilityonroom`
  ADD PRIMARY KEY (`roomId`,`facilityId`),
  ADD KEY `FacilityOnRoom_facilityId_fkey` (`facilityId`);

--
-- Indeks untuk tabel `generalinformation`
--
ALTER TABLE `generalinformation`
  ADD PRIMARY KEY (`id`);

--
-- Indeks untuk tabel `picture`
--
ALTER TABLE `picture`
  ADD PRIMARY KEY (`id`);

--
-- Indeks untuk tabel `pictureonbundling`
--
ALTER TABLE `pictureonbundling`
  ADD PRIMARY KEY (`bundlingId`,`pictureId`),
  ADD KEY `PictureOnBundling_pictureId_fkey` (`pictureId`);

--
-- Indeks untuk tabel `pictureonroom`
--
ALTER TABLE `pictureonroom`
  ADD PRIMARY KEY (`roomId`,`pictureId`),
  ADD KEY `PictureOnRoom_pictureId_fkey` (`pictureId`);

--
-- Indeks untuk tabel `review`
--
ALTER TABLE `review`
  ADD PRIMARY KEY (`id`),
  ADD KEY `Review_roomId_fkey` (`roomId`),
  ADD KEY `Review_userId_fkey` (`userId`);

--
-- Indeks untuk tabel `room`
--
ALTER TABLE `room`
  ADD PRIMARY KEY (`id`);

--
-- Indeks untuk tabel `roomonbundling`
--
ALTER TABLE `roomonbundling`
  ADD PRIMARY KEY (`bundlingId`,`roomId`),
  ADD KEY `RoomOnBundling_roomId_fkey` (`roomId`);

--
-- Indeks untuk tabel `rule`
--
ALTER TABLE `rule`
  ADD PRIMARY KEY (`id`);

--
-- Indeks untuk tabel `ruleonbundling`
--
ALTER TABLE `ruleonbundling`
  ADD PRIMARY KEY (`bundlingId`,`ruleId`),
  ADD KEY `RuleOnBundling_ruleId_fkey` (`ruleId`);

--
-- Indeks untuk tabel `ruleonroom`
--
ALTER TABLE `ruleonroom`
  ADD PRIMARY KEY (`roomId`,`ruleId`),
  ADD KEY `RuleOnRoom_ruleId_fkey` (`ruleId`);

--
-- Indeks untuk tabel `user`
--
ALTER TABLE `user`
  ADD PRIMARY KEY (`id`),
  ADD UNIQUE KEY `User_email_key` (`email`);

--
-- AUTO_INCREMENT untuk tabel yang dibuang
--

--
-- AUTO_INCREMENT untuk tabel `booking`
--
ALTER TABLE `booking`
  MODIFY `id` int(11) NOT NULL AUTO_INCREMENT, AUTO_INCREMENT=41;

--
-- AUTO_INCREMENT untuk tabel `bundling`
--
ALTER TABLE `bundling`
  MODIFY `id` int(11) NOT NULL AUTO_INCREMENT, AUTO_INCREMENT=28;

--
-- AUTO_INCREMENT untuk tabel `capacity`
--
ALTER TABLE `capacity`
  MODIFY `id` int(11) NOT NULL AUTO_INCREMENT, AUTO_INCREMENT=6;

--
-- AUTO_INCREMENT untuk tabel `facility`
--
ALTER TABLE `facility`
  MODIFY `id` int(11) NOT NULL AUTO_INCREMENT, AUTO_INCREMENT=18;

--
-- AUTO_INCREMENT untuk tabel `generalinformation`
--
ALTER TABLE `generalinformation`
  MODIFY `id` int(11) NOT NULL AUTO_INCREMENT;

--
-- AUTO_INCREMENT untuk tabel `picture`
--
ALTER TABLE `picture`
  MODIFY `id` int(11) NOT NULL AUTO_INCREMENT, AUTO_INCREMENT=143;

--
-- AUTO_INCREMENT untuk tabel `review`
--
ALTER TABLE `review`
  MODIFY `id` int(11) NOT NULL AUTO_INCREMENT;

--
-- AUTO_INCREMENT untuk tabel `room`
--
ALTER TABLE `room`
  MODIFY `id` int(11) NOT NULL AUTO_INCREMENT, AUTO_INCREMENT=75;

--
-- AUTO_INCREMENT untuk tabel `rule`
--
ALTER TABLE `rule`
  MODIFY `id` int(11) NOT NULL AUTO_INCREMENT, AUTO_INCREMENT=9;

--
-- AUTO_INCREMENT untuk tabel `user`
--
ALTER TABLE `user`
  MODIFY `id` int(11) NOT NULL AUTO_INCREMENT, AUTO_INCREMENT=8;

--
-- Ketidakleluasaan untuk tabel pelimpahan (Dumped Tables)
--

--
-- Ketidakleluasaan untuk tabel `booking`
--
ALTER TABLE `booking`
  ADD CONSTRAINT `Booking_roomId_fkey` FOREIGN KEY (`roomId`) REFERENCES `room` (`id`) ON DELETE SET NULL ON UPDATE CASCADE,
  ADD CONSTRAINT `Booking_userId_fkey` FOREIGN KEY (`userId`) REFERENCES `user` (`id`) ON DELETE SET NULL ON UPDATE CASCADE;

--
-- Ketidakleluasaan untuk tabel `capacityonroom`
--
ALTER TABLE `capacityonroom`
  ADD CONSTRAINT `CapacityOnRoom_capacityId_fkey` FOREIGN KEY (`capacityId`) REFERENCES `capacity` (`id`) ON UPDATE CASCADE,
  ADD CONSTRAINT `CapacityOnRoom_roomId_fkey` FOREIGN KEY (`roomId`) REFERENCES `room` (`id`) ON UPDATE CASCADE;

--
-- Ketidakleluasaan untuk tabel `facilityonbundling`
--
ALTER TABLE `facilityonbundling`
  ADD CONSTRAINT `FacilityOnBundling_bundlingId_fkey` FOREIGN KEY (`bundlingId`) REFERENCES `bundling` (`id`) ON UPDATE CASCADE,
  ADD CONSTRAINT `FacilityOnBundling_facilityId_fkey` FOREIGN KEY (`facilityId`) REFERENCES `facility` (`id`) ON UPDATE CASCADE;

--
-- Ketidakleluasaan untuk tabel `facilityonroom`
--
ALTER TABLE `facilityonroom`
  ADD CONSTRAINT `FacilityOnRoom_facilityId_fkey` FOREIGN KEY (`facilityId`) REFERENCES `facility` (`id`) ON UPDATE CASCADE,
  ADD CONSTRAINT `FacilityOnRoom_roomId_fkey` FOREIGN KEY (`roomId`) REFERENCES `room` (`id`) ON UPDATE CASCADE;

--
-- Ketidakleluasaan untuk tabel `pictureonbundling`
--
ALTER TABLE `pictureonbundling`
  ADD CONSTRAINT `PictureOnBundling_bundlingId_fkey` FOREIGN KEY (`bundlingId`) REFERENCES `bundling` (`id`) ON UPDATE CASCADE,
  ADD CONSTRAINT `PictureOnBundling_pictureId_fkey` FOREIGN KEY (`pictureId`) REFERENCES `picture` (`id`) ON UPDATE CASCADE;

--
-- Ketidakleluasaan untuk tabel `pictureonroom`
--
ALTER TABLE `pictureonroom`
  ADD CONSTRAINT `PictureOnRoom_pictureId_fkey` FOREIGN KEY (`pictureId`) REFERENCES `picture` (`id`) ON UPDATE CASCADE,
  ADD CONSTRAINT `PictureOnRoom_roomId_fkey` FOREIGN KEY (`roomId`) REFERENCES `room` (`id`) ON UPDATE CASCADE;

--
-- Ketidakleluasaan untuk tabel `review`
--
ALTER TABLE `review`
  ADD CONSTRAINT `Review_roomId_fkey` FOREIGN KEY (`roomId`) REFERENCES `room` (`id`) ON DELETE SET NULL ON UPDATE CASCADE,
  ADD CONSTRAINT `Review_userId_fkey` FOREIGN KEY (`userId`) REFERENCES `user` (`id`) ON DELETE SET NULL ON UPDATE CASCADE;

--
-- Ketidakleluasaan untuk tabel `roomonbundling`
--
ALTER TABLE `roomonbundling`
  ADD CONSTRAINT `RoomOnBundling_bundlingId_fkey` FOREIGN KEY (`bundlingId`) REFERENCES `bundling` (`id`) ON UPDATE CASCADE,
  ADD CONSTRAINT `RoomOnBundling_roomId_fkey` FOREIGN KEY (`roomId`) REFERENCES `room` (`id`) ON UPDATE CASCADE;

--
-- Ketidakleluasaan untuk tabel `ruleonbundling`
--
ALTER TABLE `ruleonbundling`
  ADD CONSTRAINT `RuleOnBundling_bundlingId_fkey` FOREIGN KEY (`bundlingId`) REFERENCES `bundling` (`id`) ON UPDATE CASCADE,
  ADD CONSTRAINT `RuleOnBundling_ruleId_fkey` FOREIGN KEY (`ruleId`) REFERENCES `rule` (`id`) ON UPDATE CASCADE;

--
-- Ketidakleluasaan untuk tabel `ruleonroom`
--
ALTER TABLE `ruleonroom`
  ADD CONSTRAINT `RuleOnRoom_roomId_fkey` FOREIGN KEY (`roomId`) REFERENCES `room` (`id`) ON UPDATE CASCADE,
  ADD CONSTRAINT `RuleOnRoom_ruleId_fkey` FOREIGN KEY (`ruleId`) REFERENCES `rule` (`id`) ON UPDATE CASCADE;
COMMIT;

/*!40101 SET CHARACTER_SET_CLIENT=@OLD_CHARACTER_SET_CLIENT */;
/*!40101 SET CHARACTER_SET_RESULTS=@OLD_CHARACTER_SET_RESULTS */;
/*!40101 SET COLLATION_CONNECTION=@OLD_COLLATION_CONNECTION */;
